# Outlet ratings. Lean: AllSides Media Bias Ratings (https://www.allsides.com/media-bias/ratings), CC BY-NC 4.0,
# retrieved 2026-10-03; the News rating where AllSides rates news and opinion separately. Reliability: Wikipedia's
# Reliable sources/Perennial sources list (WP:RSP), CC BY-SA 4.0, retrieved 2026-10-03. Blank means not rated.
outlet,lean,allsides_url,reliability,reliability_note
The 19th,,,,
ABC News,Lean Left,https://www.allsides.com/news-source/abc-news-media-bias,generally reliable,
Al Jazeera,Lean Left,https://www.allsides.com/news-source/al-jazeera-media-bias,generally reliable,
Alternet,Left,https://www.allsides.com/news-source/alternet-media-bias,generally unreliable,
The American Conservative,Lean Right,https://www.allsides.com/news-source/american-conservative-media-bias,,
The American Prospect,Left,https://www.allsides.com/news-source/american-prospect-media-bias,,
The American Spectator,Right,https://www.allsides.com/news-source/american-spectator-media-bias,,
American Thinker,Right,https://www.allsides.com/news-source/american-thinker-media-bias,,
AP,Lean Left,https://www.allsides.com/news-source/associated-press-media-bias,generally reliable,
The Atlantic,Left,https://www.allsides.com/news-source/atlantic-media-bias,generally reliable,
Axios,Lean Left,https://www.allsides.com/news-source/axios-media-bias,generally reliable,
BBC,Center,https://www.allsides.com/news-source/bbc-news-media-bias,generally reliable,
The Blaze,Right,https://www.allsides.com/news-source/blaze-media-media-bias,generally unreliable,
Bloomberg,Center,https://www.allsides.com/news-source/bloomberg-media-bias,generally reliable,
Breitbart,Right,https://www.allsides.com/news-source/breitbart-news-media-bias,deprecated,
The Bulwark,Left,https://www.allsides.com/news-source/bulwark-media-bias,,
Business Insider,Lean Left,https://www.allsides.com/news-source/business-insider-media-bias,no consensus,
Caixin Global,,,,
CBC,Lean Left,https://www.allsides.com/news-source/cbc-news-media-bias,,
CBS News,Lean Left,https://www.allsides.com/news-source/cbs-news-online-media-bias,,
Chicago Tribune,Center,https://www.allsides.com/news-source/chicago-tribune-media-bias,,
The Christian Science Monitor,Center,https://www.allsides.com/news-source/christian-science-monitor-media-bias,generally reliable,
CNBC,Lean Left,https://www.allsides.com/news-source/cnbc-media-bias,,
CNN,Lean Left,https://www.allsides.com/news-source/cnn-media-bias,generally reliable,
Compact,,,,
Crooks and Liars,,,,
Current Affairs,Left,https://www.allsides.com/news-source/current-affairs-media-bias,,
The Daily Beast,Left,https://www.allsides.com/news-source/daily-beast-media-bias,no consensus,
The Daily Caller,Right,https://www.allsides.com/news-source/daily-caller-media-bias,deprecated,
The Daily Kos,Left,https://www.allsides.com/news-source/daily-kos-media-bias,generally unreliable,
Daily Mail,Lean Right,https://www.allsides.com/news-source/daily-mail-media-bias,deprecated,
The Daily Signal,Right,https://www.allsides.com/news-source/daily-signal-media-bias,,
The Daily Wire,Right,https://www.allsides.com/news-source/daily-wire-media-bias,generally unreliable,
Der Spiegel,,,generally reliable,
The Dispatch,Lean Right,https://www.allsides.com/news-source/dispatch-media-bias,,
Drudge Report,Lean Left,https://www.allsides.com/news-source/drudge-report,,
The Economist,Lean Left,https://www.allsides.com/news-source/economist-media-bias,generally reliable,
The Epoch Times,Lean Right,https://www.allsides.com/news-source/epoch-times-media-bias,deprecated,
The Federalist,Right,https://www.allsides.com/news-source/federalist-media-bias,generally unreliable,
Financial Times,Center,https://www.allsides.com/news-source/financial-times-media-bias,generally reliable,
Forbes,Center,https://www.allsides.com/news-source/forbes-media-bias,no consensus,staff
Foreign Affairs,Center,https://www.allsides.com/news-source/foreign-affairs-media-bias,,
Foreign Policy,Center,https://www.allsides.com/news-source/foreign-policy-media-bias,,
Fortune,Center,https://www.allsides.com/news-source/fortune-media-bias,,
Fox Business,Lean Right,https://www.allsides.com/news-source/fox-business-media-bias,no consensus,Fox News entry covers foxbusiness
Fox News,Right,https://www.allsides.com/news-source/fox-news-media-bias,no consensus,news
France24,,https://www.allsides.com/news-source/france-24-media-bias,,
The Free Press,Lean Right,https://www.allsides.com/news-source/free-press-media-bias-0,,
The Gateway Pundit,Right,https://www.allsides.com/news-source/gateway-pundit-media-bias,deprecated,
Global Times,,,deprecated,
The Globe and Mail,Center,https://www.allsides.com/news-source/globe-and-mail-media-bias,generally reliable,
Google News,Lean Left,https://www.allsides.com/news-source/google-news-media-bias,,
The Guardian,Left,https://www.allsides.com/news-source/guardian-media-bias,generally reliable,
The Hill,Center,https://www.allsides.com/news-source/hill-media-bias,generally reliable,
HuffPost,Left,https://www.allsides.com/news-source/huffpost-media-bias,generally reliable,
The Independent,Lean Left,https://www.allsides.com/news-source/independent-media-bias,generally reliable,
Independent Journal Review,Right,https://www.allsides.com/news-source/independent-journal-review-media-bias,no consensus,
India Times,,,no consensus,Times of India entry lists indiatimes
The Indian Express,,,generally reliable,
The Intercept,Left,https://www.allsides.com/news-source/intercept-media-bias,generally reliable,
Jacobin,Left,https://www.allsides.com/news-source/jacobin-media-bias,no consensus,
The Japan Times,Center,https://www.allsides.com/news-source/japan-times-media-bias,,
Just the News,Lean Right,https://www.allsides.com/news-source/just-news-media-bias,,
The Kyiv Independent,Center,https://www.allsides.com/news-source/kyiv-independent-media-bias,,
Le Monde,,,,
The Lever,,,,
livemint.com,,,,
Los Angeles Times,Lean Left,https://www.allsides.com/news-source/los-angeles-times-media-bias,generally reliable,
MarketWatch,Center,https://www.allsides.com/news-source/marketwatch-media-bias,,
Mediaite,Lean Left,https://www.allsides.com/news-source/mediaite-media-bias,,
Military.com,Lean Left,https://www.allsides.com/news-source/militarycom-media-bias,,
The Moscow Times,Center,https://www.allsides.com/news-source/moscow-times-media-bias,,
Mother Jones,Left,https://www.allsides.com/news-source/mother-jones-media-bias,generally reliable,
MSNBC,Left,https://www.allsides.com/news-source/ms-now-media-bias,generally reliable,as MS NOW
The Nation,Left,https://www.allsides.com/news-source/nation-media-bias,generally reliable,
National Post,Lean Right,https://www.allsides.com/news-source/national-post-media-bias,generally reliable,
The National Pulse,Right,https://www.allsides.com/news-source/national-pulse-media-bias,,
National Review,Lean Right,https://www.allsides.com/news-source/national-review-news-media-bias,no consensus,
NBC News,Lean Left,https://www.allsides.com/news-source/nbc-news-media-bias,generally reliable,
NDTV,,https://www.allsides.com/news-source/ndtv-media-bias,,
The New Republic,Left,https://www.allsides.com/news-source/new-republic-media-bias,generally reliable,
New York Magazine,Left,https://www.allsides.com/news-source/new-york-magazine-media-bias,generally reliable,
New York Post,Right,https://www.allsides.com/news-source/new-york-post-news-media-bias,generally unreliable,
New York Times,Lean Left,https://www.allsides.com/news-source/new-york-times-news-media-bias,generally reliable,
New Yorker,Left,https://www.allsides.com/news-source/new-yorker-media-bias,generally reliable,
News 18,,,,
News Nation,Center,https://www.allsides.com/news-source/newsnation-media-bias,generally reliable,
Newsmax,Right,https://www.allsides.com/news-source/newsmax,deprecated,
Newsweek,Center,https://www.allsides.com/news-source/newsweek-media-bias,no consensus,2013-present
Nikkei Asia,,,,
NPR,Lean Left,https://www.allsides.com/news-source/npr-media-bias,generally reliable,
One America News Network,Right,https://www.allsides.com/news-source/one-america-news-network-oan-media-bias,deprecated,
PBS NewsHour,Lean Left,https://www.allsides.com/news-source/pbs-newshour-media-bias,generally reliable,PBS
PJ Media,Right,https://www.allsides.com/news-source/pj-media-media-bias,,
Political Wire,,,,
Politico,Lean Left,https://www.allsides.com/news-source/politico-media-bias,generally reliable,
The Post Millennial,Right,https://www.allsides.com/news-source/post-millennial-media-bias,generally unreliable,
ProPublica,Lean Left,https://www.allsides.com/news-source/propublica-media-bias,generally reliable,
Puck,,,,
Punchbowl News,,,,
Quillette,Lean Right,https://www.allsides.com/news-source/quillette-media-bias,generally unreliable,
Radio Free Europe Radio Liberty,,,no consensus,
Raw Story,Left,https://www.allsides.com/news-source/raw-story-media-bias,generally unreliable,
Real Clear Politics,Lean Right,https://www.allsides.com/news-source/realclearpolitics-media-bias,no consensus,
Reason,Center,https://www.allsides.com/news-source/reason-media-bias,generally reliable,
Red State,Right,https://www.allsides.com/news-source/redstate-media-bias,generally unreliable,
Reuters,Center,https://www.allsides.com/news-source/reuters-media-bias,generally reliable,
Rolling Stone,Left,https://www.allsides.com/news-source/rollingstonecom-media-bias,generally reliable,
RT,Lean Right,https://www.allsides.com/news-source/rt-media-bias,deprecated,
Salon,Left,https://www.allsides.com/news-source/salon-media-bias,no consensus,
Scripps News,Center,https://www.allsides.com/news-source/scripps-news-media-bias,,
Semafor,Lean Left,https://www.allsides.com/news-source/semafor-media-bias,,
Sky News,Lean Left,https://www.allsides.com/news-source/sky-news-media-bias,generally reliable,
Slate,Left,https://www.allsides.com/news-source/slate-media-bias,,
South China Morning Post,Center,https://www.allsides.com/news-source/south-china-morning-post-media-bias,generally reliable,
Star Tribune,Lean Left,https://www.allsides.com/news-source/star-tribune-media-bias,,
Straight Arrow News,Center,https://www.allsides.com/news-source/straight-arrow-news-media-bias,,
The Sun,Lean Right,https://www.allsides.com/news-source/us-sun-media-bias,deprecated,covers The U
Sydney Morning Herald,,,generally reliable,
Taipei Times,Center,https://www.allsides.com/news-source/taipei-times-media-bias,,
Talking Points Memo,,,,
Tampa Bay Times,Center,https://www.allsides.com/news-source/tampa-bay-times-media-bias,,
The Telegraph,Center,https://www.allsides.com/news-source/telegraph-uk-media-bias,generally reliable,
Time,Lean Left,https://www.allsides.com/news-source/time-magazine-news-media-bias,generally reliable,
The Times of India,,,no consensus,
Toronto Sun,,,,
Townhall,Right,https://www.allsides.com/news-source/townhall-bias,no consensus,
UnHerd,Center,https://www.allsides.com/news-source/unherd-media-bias,,
USA Today,Lean Left,https://www.allsides.com/news-source/usa-today-media-bias,generally reliable,
Vanity Fair,Lean Left,https://www.allsides.com/news-source/vanity-fair-media-bias,generally reliable,
Voice of America,Center,https://www.allsides.com/news-source/voice-america-voa-media-bias,generally reliable,
Vox,Left,https://www.allsides.com/news-source/vox-media-bias,generally reliable,
The Wall Street Journal,Center,https://www.allsides.com/news-source/wall-street-journal-media-bias,generally reliable,
Washington Examiner,Lean Right,https://www.allsides.com/news-source/washington-examiner-media-bias,no consensus,
The Washington Free Beacon,Right,https://www.allsides.com/news-source/washington-free-beacon-media-bias,generally reliable,2019-present
The Washington Post,Lean Left,https://www.allsides.com/news-source/washington-post-media-bias,generally reliable,
Washington Reporter,,,,
The Washington Sun,,,,
The Washington Times,Lean Right,https://www.allsides.com/news-source/washington-times-media-bias,no consensus,
The Week,Lean Left,https://www.allsides.com/news-source/week-news-media-bias,,
The Western Journal,Right,https://www.allsides.com/news-source/western-journal-media-bias,,
Winnipeg Free Press,,,,
Xinhua,,,no consensus,
Yahoo News,Lean Left,https://www.allsides.com/news-source/yahoo-news-media-bias,generally reliable,
Zeteo,,,,
